tool_name,url,normalized_category,normalized_subcategory,description,pricing,output_type,tags,tags_normalized,example_use_cases,integrations,example_prompt_1,example_prompt_2,example_prompt_3
OpenAI (ChatGPT),https://openai.com,language models,Conversational AI,"LLM for chat, text generation, embeddings and APIs.",Free / Paid API,text,"chatbot,embeddings,api,general-purpose","chatbot,embeddings,api,general-purpose","chat assistant, summarization, code generation",API,Write 5 social media captions for a new coffee shop launch in a friendly tone using OpenAI (ChatGPT),Draft a landing page headline and subheadline with 3 variations targeting conversion using OpenAI (ChatGPT),Summarize this 1200-word article into a 150-word executive summary using OpenAI (ChatGPT)
Anthropic (Claude),https://www.anthropic.com,language models,Conversational AI,"Claude family of LLMs focused on helpful, safe responses.",Paid,text,"chatbot,api,safety-oriented","chatbot,api,safety-oriented","customer support assistant, summarization",API,Write 5 social media captions for a new coffee shop launch in a friendly tone using Anthropic (Claude),Draft a landing page headline and subheadline with 3 variations targeting conversion using Anthropic (Claude),Summarize this 1200-word article into a 150-word executive summary using Anthropic (Claude)
Google Bard / Vertex AI,https://cloud.google.com/vertex-ai,language models,LLM & ML Platform,Google's LLMs and managed ML platform (Vertex AI).,Paid,"text,image,models","training,deployment,enterprise","training,deployment,enterprise","deploy custom models, MLOps",GCP,Create a high-resolution marketing image for a travel brand featuring a sunset beach. Use Google Bard / Vertex AI,"Generate 5 stylized concept art variations of a futuristic city for a game, using Google Bard / Vertex AI",Produce a product mockup image for an eco-friendly water bottle with minimalistic design using Google Bard / Vertex AI
Microsoft Copilot,https://www.microsoft.com/copilot,productivity,Office AI,AI assistant integrated into Microsoft 365 for writing and automation.,Paid,text,"office,productivity,enterprise","office,productivity,enterprise","email drafting, document summarization",Microsoft 365,Write 5 social media captions for a new coffee shop launch in a friendly tone using Microsoft Copilot,Draft a landing page headline and subheadline with 3 variations targeting conversion using Microsoft Copilot,Summarize this 1200-word article into a 150-word executive summary using Microsoft Copilot
GitHub Copilot,https://github.com/features/copilot,developer tools,Code generation,AI code completion and suggestions inside editors.,Paid,code,"coding,ide,autocomplete","coding,ide,autocomplete","generate functions, boilerplate code","VS Code, JetBrains",Generate a Python function that calculates mean-variance portfolio optimization using GitHub Copilot,Refactor this JavaScript code to improve performance and readability using GitHub Copilot,Create unit tests for the following module using GitHub Copilot
Hugging Face,https://huggingface.co,model hub,Pretrained models & APIs,Model hub and inference APIs for many transformer models.,Free / Paid,"text,image,models","models,transformers,community","models,transformers,community","use pretrained models, host models",API,Create a high-resolution marketing image for a travel brand featuring a sunset beach. Use Hugging Face,"Generate 5 stylized concept art variations of a futuristic city for a game, using Hugging Face",Produce a product mockup image for an eco-friendly water bottle with minimalistic design using Hugging Face
Cohere,https://cohere.ai,language models,Embeddings & generation,APIs for embeddings and generation useful for semantic search and chat.,Paid,"text,embeddings","embeddings,api,language-models","embeddings,api,language-models","semantic search,chatbots",API,Write 5 social media captions for a new coffee shop launch in a friendly tone using Cohere,Draft a landing page headline and subheadline with 3 variations targeting conversion using Cohere,Summarize this 1200-word article into a 150-word executive summary using Cohere
Pinecone,https://www.pinecone.io,Vector DB,Semantic search,Managed vector database for embeddings and similarity search.,Paid,search,"vector-db,embeddings","vector-db,embeddings","semantic search, RAG",API,Use Pinecone to solve this task: Managed vector database for embeddings and similarity search.,How would I use Pinecone to automate a workflow for marketing?,Give me best practices for using Pinecone on a real-world project.
Weaviate,https://weaviate.io,Vector DB,Semantic search,Open-source vector database for semantic retrieval.,Open-source / Paid,search,"vector-db,semantic-search","vector-db,semantic-search","RAG, embeddings search",API,Use Weaviate to solve this task: Open-source vector database for semantic retrieval.,How would I use Weaviate to automate a workflow for marketing?,Give me best practices for using Weaviate on a real-world project.
Qdrant,https://qdrant.tech,Vector DB,Semantic search,Vector search engine for retrieval and RAG scenarios.,Open-source / Paid,search,"vector-db,open-source","vector-db,open-source","semantic retrieval, chatbots",API,Use Qdrant to solve this task: Vector search engine for retrieval and RAG scenarios.,How would I use Qdrant to automate a workflow for marketing?,Give me best practices for using Qdrant on a real-world project.
LangChain,https://langchain.com,developer tools,Frameworks,Framework for building LLM applications and RAG pipelines.,Open-source / Paid,code,"framework,rags","framework,rags","chatbots,agents",Python/JS,Generate a Python function that calculates mean-variance portfolio optimization using LangChain,Refactor this JavaScript code to improve performance and readability using LangChain,Create unit tests for the following module using LangChain
Llama 3 (Meta),https://ai.meta.com,language models,Open-source LLM,Meta's LLaMA family (open LLMs) and ecosystem.,Free / Research,text,"open-source,llm","open-source,llm","research,chat assistants",Community UIs,Write 5 social media captions for a new coffee shop launch in a friendly tone using Llama 3 (Meta),Draft a landing page headline and subheadline with 3 variations targeting conversion using Llama 3 (Meta),Summarize this 1200-word article into a 150-word executive summary using Llama 3 (Meta)
Mistral AI,https://mistral.ai,language models,LLM provider,Mistral models offering high-performance open models.,Paid / Free models,text,"llm,api","llm,api","text generation,embedding",API,Write 5 social media captions for a new coffee shop launch in a friendly tone using Mistral AI,Draft a landing page headline and subheadline with 3 variations targeting conversion using Mistral AI,Summarize this 1200-word article into a 150-word executive summary using Mistral AI
Claude Instant (Anthropic),https://www.anthropic.com/product,language models,Assistant,Faster Claude models for lower-latency applications.,Paid,text,"fast,assistant","fast,assistant","embedded assistants, chatbots",API,Write 5 social media captions for a new coffee shop launch in a friendly tone using Claude Instant (Anthropic),Draft a landing page headline and subheadline with 3 variations targeting conversion using Claude Instant (Anthropic),Summarize this 1200-word article into a 150-word executive summary using Claude Instant (Anthropic)
Perplexity.ai,https://www.perplexity.ai,search,Conversational search,AI-powered Q&A and web-sourced answers with citations.,Free / Paid,text,"search,citations,qa","search,citations,qa","quick research, fact-finding",Browser,Write 5 social media captions for a new coffee shop launch in a friendly tone using Perplexity.ai,Draft a landing page headline and subheadline with 3 variations targeting conversion using Perplexity.ai,Summarize this 1200-word article into a 150-word executive summary using Perplexity.ai
You.com,https://you.com,search,AI search,AI-first search engine with integrated apps.,Free / Paid,text,"search,apps,privacy","search,apps,privacy",search with tool recommendations,Web,Write 5 social media captions for a new coffee shop launch in a friendly tone using You.com,Draft a landing page headline and subheadline with 3 variations targeting conversion using You.com,Summarize this 1200-word article into a 150-word executive summary using You.com
Jasper,https://www.jasper.ai,marketing,AI copywriting,AI platform for marketing copy and long-form content.,Paid,text,"copywriting,marketing,templates","copywriting,marketing,templates","blog posts, ad copy, social captions",API,Write 5 social media captions for a new coffee shop launch in a friendly tone using Jasper,Draft a landing page headline and subheadline with 3 variations targeting conversion using Jasper,Summarize this 1200-word article into a 150-word executive summary using Jasper
Copy.ai,https://www.copy.ai,marketing,Copywriting,Quick marketing copy and short-form content generator.,Free / Paid,text,"ads,social,templates","ads,social,templates","product descriptions, social captions",Web,Write 5 social media captions for a new coffee shop launch in a friendly tone using Copy.ai,Draft a landing page headline and subheadline with 3 variations targeting conversion using Copy.ai,Summarize this 1200-word article into a 150-word executive summary using Copy.ai
Writesonic,https://writesonic.com,marketing,Copywriting,"AI writing assistant for marketing, landing pages and ads.",Free / Paid,text,"ads,blog,seo","ads,blog,seo","landing page copy, email marketing",API,Write 5 social media captions for a new coffee shop launch in a friendly tone using Writesonic,Draft a landing page headline and subheadline with 3 variations targeting conversion using Writesonic,Summarize this 1200-word article into a 150-word executive summary using Writesonic
Anyword,https://anyword.com,marketing,Ad performance,Predictive performance AI for ad copy and marketers.,Paid,text,"ads,copy,marketing","ads,copy,marketing","ad copy, predictive testing",Web,Write 5 social media captions for a new coffee shop launch in a friendly tone using Anyword,Draft a landing page headline and subheadline with 3 variations targeting conversion using Anyword,Summarize this 1200-word article into a 150-word executive summary using Anyword
Frase,https://www.frase.io,seo,Content optimization,AI content brief generation and SEO optimization tools.,Paid,text,"seo,content-briefs,optimization","seo,content-briefs,optimization",optimize blog posts for keywords,Integrations,Write 5 social media captions for a new coffee shop launch in a friendly tone using Frase,Draft a landing page headline and subheadline with 3 variations targeting conversion using Frase,Summarize this 1200-word article into a 150-word executive summary using Frase
SurferSEO,https://surferseo.com,seo,Content optimization,SERP-driven content optimization and planning.,Paid,text,"seo,content,analytics","seo,content,analytics","content briefs, SEO",WordPress,Write 5 social media captions for a new coffee shop launch in a friendly tone using SurferSEO,Draft a landing page headline and subheadline with 3 variations targeting conversion using SurferSEO,Summarize this 1200-word article into a 150-word executive summary using SurferSEO
MarketMuse,https://marketmuse.com,seo,Content planning,AI-driven content research and topic modeling.,Paid,text,"seo,topic-modeling","seo,topic-modeling","content strategy, briefs",Web,Write 5 social media captions for a new coffee shop launch in a friendly tone using MarketMuse,Draft a landing page headline and subheadline with 3 variations targeting conversion using MarketMuse,Summarize this 1200-word article into a 150-word executive summary using MarketMuse
Clearscope,https://www.clearscope.io,seo,Content optimization,SEO content optimization platform.,Paid,text,"seo,content,optimization","seo,content,optimization",optimize articles,Integrations,Write 5 social media captions for a new coffee shop launch in a friendly tone using Clearscope,Draft a landing page headline and subheadline with 3 variations targeting conversion using Clearscope,Summarize this 1200-word article into a 150-word executive summary using Clearscope
Grammarly,https://www.grammarly.com,writing,Editing & proofreading,"Grammar, style, and clarity suggestions for writing.",Free / Paid,text,"editing,proofreading,style","editing,proofreading,style","improve grammar, tone adjustments","Browser, MS Office",Write 5 social media captions for a new coffee shop launch in a friendly tone using Grammarly,Draft a landing page headline and subheadline with 3 variations targeting conversion using Grammarly,Summarize this 1200-word article into a 150-word executive summary using Grammarly
QuillBot,https://quillbot.com,writing,Paraphrasing,Paraphrasing and summarization tools for writers.,Free / Paid,text,"paraphrase,summary,writing","paraphrase,summary,writing","rewrite sentences, summarize articles",Browser,Write 5 social media captions for a new coffee shop launch in a friendly tone using QuillBot,Draft a landing page headline and subheadline with 3 variations targeting conversion using QuillBot,Summarize this 1200-word article into a 150-word executive summary using QuillBot
Hemingway Editor,https://hemingwayapp.com,writing,Readability,Improves readability and highlights complex sentences.,Free / Paid,text,"readability,editing","readability,editing","simplify prose, editing for clarity",Web,Write 5 social media captions for a new coffee shop launch in a friendly tone using Hemingway Editor,Draft a landing page headline and subheadline with 3 variations targeting conversion using Hemingway Editor,Summarize this 1200-word article into a 150-word executive summary using Hemingway Editor
Wordtune,https://www.wordtune.com,writing,Rewrite & tone,Rewrite sentences and change tone for clarity and style.,Paid,text,"rewrite,tone,editing","rewrite,tone,editing","rewrite sentences, improve tone",Browser,Write 5 social media captions for a new coffee shop launch in a friendly tone using Wordtune,Draft a landing page headline and subheadline with 3 variations targeting conversion using Wordtune,Summarize this 1200-word article into a 150-word executive summary using Wordtune
ProWritingAid,https://prowritingaid.com,writing,Editing,Comprehensive writing assistant for style and grammar.,Paid,text,"editing,style","editing,style",long-form editing,Integrations,Write 5 social media captions for a new coffee shop launch in a friendly tone using ProWritingAid,Draft a landing page headline and subheadline with 3 variations targeting conversion using ProWritingAid,Summarize this 1200-word article into a 150-word executive summary using ProWritingAid
Canva (Magic Write & Image),https://www.canva.com,design tools,Graphic design & AI,Design platform with AI copywriting and image tools.,Free / Paid,"image,text","design,templates,marketing","design,templates,marketing","social posts, presentations",APIs,Create a high-resolution marketing image for a travel brand featuring a sunset beach. Use Canva (Magic Write & Image),"Generate 5 stylized concept art variations of a futuristic city for a game, using Canva (Magic Write & Image)",Produce a product mockup image for an eco-friendly water bottle with minimalistic design using Canva (Magic Write & Image)
Adobe Firefly,https://www.adobe.com/sensei/generative-ai.html,design tools,Generative art,Adobe's generative AI models integrated into Creative Cloud.,Paid,image,"design,adobe","design,adobe","brand assets, marketing visuals",Adobe apps,Create a high-resolution marketing image for a travel brand featuring a sunset beach. Use Adobe Firefly,"Generate 5 stylized concept art variations of a futuristic city for a game, using Adobe Firefly",Produce a product mockup image for an eco-friendly water bottle with minimalistic design using Adobe Firefly
Midjourney,https://www.midjourney.com,generative art,Text-to-image,High-quality artistic image generation via Discord.,Paid,image,"art,illustration,creative","art,illustration,creative","brand imagery, concept art",Discord,Create a high-resolution marketing image for a travel brand featuring a sunset beach. Use Midjourney,"Generate 5 stylized concept art variations of a futuristic city for a game, using Midjourney",Produce a product mockup image for an eco-friendly water bottle with minimalistic design using Midjourney
DALL路E (OpenAI),https://openai.com/dall-e,generative art,Text-to-image,Generate images from text prompts using OpenAI models.,Paid credits,image,"image-generation,creative","image-generation,creative","product mockups, visuals",API,Create a high-resolution marketing image for a travel brand featuring a sunset beach. Use DALL路E (OpenAI),"Generate 5 stylized concept art variations of a futuristic city for a game, using DALL路E (OpenAI)",Produce a product mockup image for an eco-friendly water bottle with minimalistic design using DALL路E (OpenAI)
Stable Diffusion,https://stability.ai,generative art,Text-to-image,Open-source image generation models and hosting.,Open-source / Paid,image,"image-generation,open-source","image-generation,open-source","image concepts, artistic generation",Community UIs,Create a high-resolution marketing image for a travel brand featuring a sunset beach. Use Stable Diffusion,"Generate 5 stylized concept art variations of a futuristic city for a game, using Stable Diffusion",Produce a product mockup image for an eco-friendly water bottle with minimalistic design using Stable Diffusion
Leonardo.ai,https://leonardo.ai,generative art,Text-to-image,Image generation platform with creative control and asset management.,Paid,image,"concept-art,gaming,assets","concept-art,gaming,assets","game assets, character concepts",Web,Create a high-resolution marketing image for a travel brand featuring a sunset beach. Use Leonardo.ai,"Generate 5 stylized concept art variations of a futuristic city for a game, using Leonardo.ai",Produce a product mockup image for an eco-friendly water bottle with minimalistic design using Leonardo.ai
Runway,https://runwayml.com,multimedia,Video & image editing,"Tools for video editing, image generation and creative workflows.",Free / Paid,"video,image","video-editing,green-screen","video-editing,green-screen","video editing, background removal",Integrations,Create a high-resolution marketing image for a travel brand featuring a sunset beach. Use Runway,"Generate 5 stylized concept art variations of a futuristic city for a game, using Runway",Produce a product mockup image for an eco-friendly water bottle with minimalistic design using Runway
Descript,https://www.descript.com,video tools,Editing & transcription,"Audio/video editor with transcription, overdub and multitrack editing.",Free / Paid,"audio,video,text","transcription,editing,overdub","transcription,editing,overdub","podcast editing, video captions",Integrations,Create a 30-second promotional video script and visuals for a SaaS product using Descript,Turn this blog post into a short social video clip with subtitles using Descript,Generate a training video with a synthetic presenter explaining onboarding steps using Descript
Otter.ai,https://otter.ai,transcription,Meeting notes,Automatic meeting transcription and searchable notes.,Free / Paid,text,"transcription,meetings,notes","transcription,meetings,notes","meeting minutes, interviews",Zoom,Write 5 social media captions for a new coffee shop launch in a friendly tone using Otter.ai,Draft a landing page headline and subheadline with 3 variations targeting conversion using Otter.ai,Summarize this 1200-word article into a 150-word executive summary using Otter.ai
Fireflies.ai,https://fireflies.ai,transcription,Meeting assistant,"Record, transcribe and search meetings with AI.",Free / Paid,text,"transcription,search,meetings","transcription,search,meetings","meeting summaries, action items",Zoom,Write 5 social media captions for a new coffee shop launch in a friendly tone using Fireflies.ai,Draft a landing page headline and subheadline with 3 variations targeting conversion using Fireflies.ai,Summarize this 1200-word article into a 150-word executive summary using Fireflies.ai
Fathom,https://www.fathom.video,transcription,Meeting summaries,AI meeting recorder and summarizer for Zoom.,Paid,text,"zoom,summary,meeting","zoom,summary,meeting","meeting highlights, notes",Zoom,Write 5 social media captions for a new coffee shop launch in a friendly tone using Fathom,Draft a landing page headline and subheadline with 3 variations targeting conversion using Fathom,Summarize this 1200-word article into a 150-word executive summary using Fathom
Sonix,https://sonix.ai,transcription,ASR,Automated transcription with multiple languages.,Paid,text,"transcription,asr","transcription,asr","podcast transcripts, subtitles",API,Write 5 social media captions for a new coffee shop launch in a friendly tone using Sonix,Draft a landing page headline and subheadline with 3 variations targeting conversion using Sonix,Summarize this 1200-word article into a 150-word executive summary using Sonix
AssemblyAI,https://www.assemblyai.com,audio tools,Speech-to-text & APIs,Speech recognition and audio intelligence APIs.,Paid,text,"asr,api,analytics","asr,api,analytics","transcription,content-moderation",API,Write 5 social media captions for a new coffee shop launch in a friendly tone using AssemblyAI,Draft a landing page headline and subheadline with 3 variations targeting conversion using AssemblyAI,Summarize this 1200-word article into a 150-word executive summary using AssemblyAI
ElevenLabs,https://elevenlabs.com,audio tools,Text-to-speech,High-quality neural voices for TTS and voice cloning.,Paid,audio,"tts,voice-clone","tts,voice-clone","audiobooks, voiceovers",API,Generate a 60-second podcast intro voiceover in an energetic tone using ElevenLabs,Synthesise a 2-minute narration for an explainer video from this script using ElevenLabs,Create a multivoice dialogue sample for a game scene using ElevenLabs
Murf.ai,https://murf.ai,audio tools,Voiceover & TTS,Create voiceovers and AI voices for presentations and videos.,Paid,audio,"voiceover,tts","voiceover,tts","video narration, ads",Web,Generate a 60-second podcast intro voiceover in an energetic tone using Murf.ai,Synthesise a 2-minute narration for an explainer video from this script using Murf.ai,Create a multivoice dialogue sample for a game scene using Murf.ai
Play.ht,https://play.ht,audio tools,Text-to-speech,Realistic TTS platform with multiple voices and languages.,Paid,audio,"tts,voices,multilingual","tts,voices,multilingual","podcast, narration",API,Generate a 60-second podcast intro voiceover in an energetic tone using Play.ht,Synthesise a 2-minute narration for an explainer video from this script using Play.ht,Create a multivoice dialogue sample for a game scene using Play.ht
Replica Studios,https://replicastudios.com,audio tools,Synthetic voices,AI voice actor platform for games and media.,Paid,audio,"voice-actors,tts","voice-actors,tts","game dialogue, characters",API,Generate a 60-second podcast intro voiceover in an energetic tone using Replica Studios,Synthesise a 2-minute narration for an explainer video from this script using Replica Studios,Create a multivoice dialogue sample for a game scene using Replica Studios
Speechmatics,https://www.speechmatics.com,transcription,ASR,Automatic speech recognition with broad language support.,Paid,text,"asr,transcription,multilingual","asr,transcription,multilingual",transcribe audio at scale,API,Write 5 social media captions for a new coffee shop launch in a friendly tone using Speechmatics,Draft a landing page headline and subheadline with 3 variations targeting conversion using Speechmatics,Summarize this 1200-word article into a 150-word executive summary using Speechmatics
Descript Overdub,https://www.descript.com/overdub,audio tools,Voice cloning,Clone voices and generate speech for podcast/video editing.,Paid,audio,"voice-clone,editing","voice-clone,editing","podcast overdubs, corrections",Descript,Generate a 60-second podcast intro voiceover in an energetic tone using Descript Overdub,Synthesise a 2-minute narration for an explainer video from this script using Descript Overdub,Create a multivoice dialogue sample for a game scene using Descript Overdub
Cleanvoice,https://cleanvoice.ai,audio tools,Podcast editing,Remove filler words and noise from audio automatically.,Paid,audio,"editing,podcast","editing,podcast",audio cleanup,Web,Generate a 60-second podcast intro voiceover in an energetic tone using Cleanvoice,Synthesise a 2-minute narration for an explainer video from this script using Cleanvoice,Create a multivoice dialogue sample for a game scene using Cleanvoice
Aiva,https://aiva.ai,audio tools,Music composition,AI music composition for creators and media.,Paid,audio,"music,compose","music,compose",soundtrack creation,Web,Generate a 60-second podcast intro voiceover in an energetic tone using Aiva,Synthesise a 2-minute narration for an explainer video from this script using Aiva,Create a multivoice dialogue sample for a game scene using Aiva
Soundraw,https://soundraw.io,audio tools,Music generation,AI-generated music loops and tracks.,Paid,audio,"music,loops","music,loops","background music, content",Web,Generate a 60-second podcast intro voiceover in an energetic tone using Soundraw,Synthesise a 2-minute narration for an explainer video from this script using Soundraw,Create a multivoice dialogue sample for a game scene using Soundraw
Lumen5,https://lumen5.com,video tools,Video from text,Turn blog posts and articles into videos with templates.,Free / Paid,video,"video-from-text,social,summary","video-from-text,social,summary","social clips, summaries",CMS,Create a 30-second promotional video script and visuals for a SaaS product using Lumen5,Turn this blog post into a short social video clip with subtitles using Lumen5,Generate a training video with a synthetic presenter explaining onboarding steps using Lumen5
Pictory,https://pictory.ai,video tools,Text-to-video & summaries,Create short videos from long-form text and articles.,Paid,video,"video-from-text,social","video-from-text,social","social clips, summaries",YouTube,Create a 30-second promotional video script and visuals for a SaaS product using Pictory,Turn this blog post into a short social video clip with subtitles using Pictory,Generate a training video with a synthetic presenter explaining onboarding steps using Pictory
Synthesia,https://www.synthesia.io,video tools,AI video synthesis,Create videos with AI avatars speaking your script.,Paid,video,"avatars,corporate","avatars,corporate","e-learning, marketing videos",API,Create a 30-second promotional video script and visuals for a SaaS product using Synthesia,Turn this blog post into a short social video clip with subtitles using Synthesia,Generate a training video with a synthetic presenter explaining onboarding steps using Synthesia
HeyGen,https://www.heygen.com,video tools,AI avatars,Studio avatars & dubbing for video creation.,Paid,video,"avatars,dubbing","avatars,dubbing",training videos,API,Create a 30-second promotional video script and visuals for a SaaS product using HeyGen,Turn this blog post into a short social video clip with subtitles using HeyGen,Generate a training video with a synthetic presenter explaining onboarding steps using HeyGen
Rephrase.ai,https://www.rephrase.ai,video tools,Synthetic video,Create synthetic videos from text using realistic avatars.,Paid,video,"synthetic-actors,personalization","synthetic-actors,personalization",personalized video messages,API,Create a 30-second promotional video script and visuals for a SaaS product using Rephrase.ai,Turn this blog post into a short social video clip with subtitles using Rephrase.ai,Generate a training video with a synthetic presenter explaining onboarding steps using Rephrase.ai
Run Diffusion (cloud SD),https://rundiffusion.com,generative art,Cloud SD hosting,Run Stable Diffusion models in the cloud.,Paid,image,"sd,models","sd,models",image gen,Web,Create a high-resolution marketing image for a travel brand featuring a sunset beach. Use Run Diffusion (cloud SD),"Generate 5 stylized concept art variations of a futuristic city for a game, using Run Diffusion (cloud SD)",Produce a product mockup image for an eco-friendly water bottle with minimalistic design using Run Diffusion (cloud SD)
Replicate,https://replicate.com,model hub,Model API marketplace,Host & call ML models with simple APIs.,Paid,models,"api,hosting","api,hosting","deploy models, demos",API,Use Replicate to solve this task: Host & call ML models with simple APIs.,How would I use Replicate to automate a workflow for marketing?,Give me best practices for using Replicate on a real-world project.
Banana.dev,https://banana.dev,ml platforms,GPU inference,Fast model inference and hosting for ML models.,Paid,models,"gpu,inference","gpu,inference",deploy ML,API,Use Banana.dev to solve this task: Fast model inference and hosting for ML models.,How would I use Banana.dev to automate a workflow for marketing?,Give me best practices for using Banana.dev on a real-world project.
Baseten,https://baseten.co,ml platforms,Model hosting,Simplify model deployment and APIs for teams.,Paid,models,"deploy,api","deploy,api",model serving,API,Use Baseten to solve this task: Simplify model deployment and APIs for teams.,How would I use Baseten to automate a workflow for marketing?,Give me best practices for using Baseten on a real-world project.
Paperspace Gradient,https://www.paperspace.com,ml platforms,Notebooks & GPUs,"Cloud GPUs, notebooks and tools for model training and inference.",Paid,models,"gpu,notebooks,training","gpu,notebooks,training","model training, experiments",Jupyter,"Use Paperspace Gradient to solve this task: Cloud GPUs, notebooks and tools for model training and inference.",How would I use Paperspace Gradient to automate a workflow for marketing?,Give me best practices for using Paperspace Gradient on a real-world project.
Weights & Biases,https://wandb.ai,ml platforms,Experiment tracking,Track ML experiments and metrics for reproducible research.,Free / Paid,data,"tracking,mlops","tracking,mlops","model dev, experiments",Integrations,Use Weights & Biases to solve this task: Track ML experiments and metrics for reproducible research.,How would I use Weights & Biases to automate a workflow for marketing?,Give me best practices for using Weights & Biases on a real-world project.
Comet ML,https://www.comet.com,ml platforms,Experiment tracking,Model monitoring and experiment tracking for teams.,Paid,data,"tracking,mlops","tracking,mlops","experiments,monitoring",API,Use Comet ML to solve this task: Model monitoring and experiment tracking for teams.,How would I use Comet ML to automate a workflow for marketing?,Give me best practices for using Comet ML on a real-world project.
Neptune.ai,https://neptune.ai,ml platforms,Experiment tracking,MLOps experiment tracking and metadata store.,Paid,data,"mlops,tracking","mlops,tracking",model pipelines,API,Use Neptune.ai to solve this task: MLOps experiment tracking and metadata store.,How would I use Neptune.ai to automate a workflow for marketing?,Give me best practices for using Neptune.ai on a real-world project.
SageMaker (AWS),https://aws.amazon.com/sagemaker,ml platforms,Training & deployment,"AWS service for building, training and deploying ML models.",Paid,models,"aws,training,deployment","aws,training,deployment",enterprise ML pipelines,AWS,"Use SageMaker (AWS) to solve this task: AWS service for building, training and deploying ML models.",How would I use SageMaker (AWS) to automate a workflow for marketing?,Give me best practices for using SageMaker (AWS) on a real-world project.
DataRobot,https://www.datarobot.com,ml platforms,AutoML,Automated machine learning for enterprises and model deployment.,Paid,models,"automl,enterprise","automl,enterprise","forecasting,modeling",API,Use DataRobot to solve this task: Automated machine learning for enterprises and model deployment.,How would I use DataRobot to automate a workflow for marketing?,Give me best practices for using DataRobot on a real-world project.
H2O.ai,https://www.h2o.ai,ml platforms,AutoML & frameworks,AutoML and model deployment tools (open-source & enterprise).,Open-source / Paid,models,"automl,open-source","automl,open-source",automated modeling,API,Use H2O.ai to solve this task: AutoML and model deployment tools (open-source & enterprise).,How would I use H2O.ai to automate a workflow for marketing?,Give me best practices for using H2O.ai on a real-world project.
Alteryx,https://www.alteryx.com,data & ETL,Data prep & analytics,End-to-end analytics automation and data prep with AI features.,Paid,data,"etl,data-prep,analytics","etl,data-prep,analytics","data pipelines,prep",Integrations,Use Alteryx to solve this task: End-to-end analytics automation and data prep with AI features.,How would I use Alteryx to automate a workflow for marketing?,Give me best practices for using Alteryx on a real-world project.
Tableau,https://www.tableau.com,analytics,BI,Visualization platform often integrated with ML/AI features.,Paid,"data,visual","dashboards,analytics","dashboards,analytics","data viz, insights",Databases,Use Tableau to solve this task: Visualization platform often integrated with ML/AI features.,How would I use Tableau to automate a workflow for marketing?,Give me best practices for using Tableau on a real-world project.
Looker (Google),https://cloud.google.com/looker,analytics,BI & dashboards,Business intelligence and dashboards for data exploration.,Paid,"data,visualization","analytics,bi,dashboards","analytics,bi,dashboards","dashboards,exploration",BigQuery,Use Looker (Google) to solve this task: Business intelligence and dashboards for data exploration.,How would I use Looker (Google) to automate a workflow for marketing?,Give me best practices for using Looker (Google) on a real-world project.
Algolia,https://www.algolia.com,search,Site search & relevance,Search-as-a-service with AI relevance and ranking.,Paid,search,"search,site-search,ranking","search,site-search,ranking","site search,product search",API,Find the top 5 recent papers on multimodal transformers and summarize findings using Algolia,Answer: What are the current best practices for retrieval-augmented generation? Use Algolia,Provide a concise comparison of top LLM providers and their trade-offs using Algolia
Elastic,https://www.elastic.co,search,Search & observability,Search and analytics platform with ML features.,Paid / Open-source,"search,data","search,analytics","search,analytics","log analysis,search",Integrations,Find the top 5 recent papers on multimodal transformers and summarize findings using Elastic,Answer: What are the current best practices for retrieval-augmented generation? Use Elastic,Provide a concise comparison of top LLM providers and their trade-offs using Elastic
Diffbot,https://diffbot.com,data & ETL,Web extraction,AI web scraping and knowledge graph construction.,Paid,data,"scraping,analysis","scraping,analysis",knowledge graphs,API,Use Diffbot to solve this task: AI web scraping and knowledge graph construction.,How would I use Diffbot to automate a workflow for marketing?,Give me best practices for using Diffbot on a real-world project.
Import.io,https://www.import.io,data & ETL,Web extraction,Web data extraction tools for structured data.,Paid,data,"scraping,ingest","scraping,ingest",extract data from websites,API,Use Import.io to solve this task: Web data extraction tools for structured data.,How would I use Import.io to automate a workflow for marketing?,Give me best practices for using Import.io on a real-world project.
Octoparse,https://www.octoparse.com,data & ETL,Web scraping,No-code web scraping platform.,Paid,data,"scraping,automation","scraping,automation",build datasets,Web,Use Octoparse to solve this task: No-code web scraping platform.,How would I use Octoparse to automate a workflow for marketing?,Give me best practices for using Octoparse on a real-world project.
Diffblue,https://www.diffblue.com,developer tools,Code analysis,AI-assisted unit test generation and code analysis.,Paid,code,"testing,analysis","testing,analysis",generate unit tests,Integrations,Generate a Python function that calculates mean-variance portfolio optimization using Diffblue,Refactor this JavaScript code to improve performance and readability using Diffblue,Create unit tests for the following module using Diffblue
Snyk,https://snyk.io,security,Code security,Security tooling for code with AI-assisted scanning.,Paid,alerts,"security,code,scanning","security,code,scanning",vulnerability detection,CI/CD,Use Snyk to solve this task: Security tooling for code with AI-assisted scanning.,How would I use Snyk to automate a workflow for marketing?,Give me best practices for using Snyk on a real-world project.
GitGuardian,https://www.gitguardian.com,security,Secrets detection,Detect exposed secrets in code and repositories.,Paid,alerts,"security,secrets","security,secrets",secret scanning,Integrations,Use GitGuardian to solve this task: Detect exposed secrets in code and repositories.,How would I use GitGuardian to automate a workflow for marketing?,Give me best practices for using GitGuardian on a real-world project.
Adept AI,https://www.adept.ai,agents,AI agents,Interfaces for commanding software via natural language agents.,Paid,text,"agents,automation","agents,automation",task automation,API,Write 5 social media captions for a new coffee shop launch in a friendly tone using Adept AI,Draft a landing page headline and subheadline with 3 variations targeting conversion using Adept AI,Summarize this 1200-word article into a 150-word executive summary using Adept AI
Replit (Ghostwriter),https://replit.com,developer tools,Code generation & IDE,In-browser IDE with AI-assisted coding features.,Free / Paid,code,"ide,coding,collab","ide,coding,collab","pair programming, prototyping",GitHub,Generate a Python function that calculates mean-variance portfolio optimization using Replit (Ghostwriter),Refactor this JavaScript code to improve performance and readability using Replit (Ghostwriter),Create unit tests for the following module using Replit (Ghostwriter)
Notion AI,https://www.notion.so/product/ai,productivity,Notes & writing assistant,"AI features inside Notion for writing, summarizing and brainstorming.",Paid,text,"notes,writing,organization","notes,writing,organization","meeting notes, draft content",Notion,Write 5 social media captions for a new coffee shop launch in a friendly tone using Notion AI,Draft a landing page headline and subheadline with 3 variations targeting conversion using Notion AI,Summarize this 1200-word article into a 150-word executive summary using Notion AI
Mem AI,https://mem.ai,productivity,Knowledge management,AI-powered note-taking and personal knowledge base.,Free / Paid,text,"km,notes,search","km,notes,search",personal knowledge retrieval,Integrations,Write 5 social media captions for a new coffee shop launch in a friendly tone using Mem AI,Draft a landing page headline and subheadline with 3 variations targeting conversion using Mem AI,Summarize this 1200-word article into a 150-word executive summary using Mem AI
Roam Research,https://roamresearch.com,notes & knowledge,Knowledge graph,Note-taking tool focused on networked thought; AI plugins exist.,Paid,text,"notes,knowledge","notes,knowledge","research,writing",Plugins,Write 5 social media captions for a new coffee shop launch in a friendly tone using Roam Research,Draft a landing page headline and subheadline with 3 variations targeting conversion using Roam Research,Summarize this 1200-word article into a 150-word executive summary using Roam Research
Obsidian,https://obsidian.md,notes & knowledge,Knowledge management,Local-first note app with AI plugins and community integrations.,Free / Paid,text,"notes,plugins","notes,plugins",personal knowledge base,Plugins,Write 5 social media captions for a new coffee shop launch in a friendly tone using Obsidian,Draft a landing page headline and subheadline with 3 variations targeting conversion using Obsidian,Summarize this 1200-word article into a 150-word executive summary using Obsidian
Logseq,https://logseq.com,notes & knowledge,Knowledge management,Open-source knowledge management with plugin ecosystem.,Free / Paid,text,"notes,open-source","notes,open-source",personal knowledge,Plugins,Write 5 social media captions for a new coffee shop launch in a friendly tone using Logseq,Draft a landing page headline and subheadline with 3 variations targeting conversion using Logseq,Summarize this 1200-word article into a 150-word executive summary using Logseq
ChatPDF,https://chatpdf.com,Document,PDF Q&A,Ask questions to PDFs via chat interface.,Free / Paid,text,"pdf,qa","pdf,qa",document Q&A,Web,Write 5 social media captions for a new coffee shop launch in a friendly tone using ChatPDF,Draft a landing page headline and subheadline with 3 variations targeting conversion using ChatPDF,Summarize this 1200-word article into a 150-word executive summary using ChatPDF
PDF.ai,https://pdf.ai,Document,PDF Q&A,Chat with PDFs and extract insights.,Paid,text,"pdf,documents","pdf,documents",study assistant,Web,Write 5 social media captions for a new coffee shop launch in a friendly tone using PDF.ai,Draft a landing page headline and subheadline with 3 variations targeting conversion using PDF.ai,Summarize this 1200-word article into a 150-word executive summary using PDF.ai
Scribe,https://scribehow.com,Documentation,Process documentation,Automatically create step-by-step guides and screenshots.,Free / Paid,"text,images","guides,docs,onboarding","guides,docs,onboarding",SOP creation,Chrome extension,Create a high-resolution marketing image for a travel brand featuring a sunset beach. Use Scribe,"Generate 5 stylized concept art variations of a futuristic city for a game, using Scribe",Produce a product mockup image for an eco-friendly water bottle with minimalistic design using Scribe
Tome,https://tome.app,presentations,Narrative & slides,AI-first storytelling and presentation tool.,Free / Paid,slides,"storytelling,slides","storytelling,slides",presentation drafts,Integrations,Use Tome to solve this task: AI-first storytelling and presentation tool.,How would I use Tome to automate a workflow for marketing?,Give me best practices for using Tome on a real-world project.
Beautiful.ai,https://www.beautiful.ai,presentations,AI slide creation,AI-assisted slide design and presentation creation.,Free / Paid,slides,"presentations,design","presentations,design",create slide decks quickly,Integrations,Use Beautiful.ai to solve this task: AI-assisted slide design and presentation creation.,How would I use Beautiful.ai to automate a workflow for marketing?,Give me best practices for using Beautiful.ai on a real-world project.
Gamma.app,https://gamma.app,presentations,AI presentation builder,Generate visual presentations from prompts and docs.,Paid,slides,"presentations,ai-generated","presentations,ai-generated","product decks, proposals",Web,Use Gamma.app to solve this task: Generate visual presentations from prompts and docs.,How would I use Gamma.app to automate a workflow for marketing?,Give me best practices for using Gamma.app on a real-world project.
Tactiq,https://tactiq.io,transcription,Meeting notes,Captures meeting transcripts and saves highlights.,Free / Paid,text,"transcription,notes","transcription,notes",meeting capture,Integrations,Write 5 social media captions for a new coffee shop launch in a friendly tone using Tactiq,Draft a landing page headline and subheadline with 3 variations targeting conversion using Tactiq,Summarize this 1200-word article into a 150-word executive summary using Tactiq
FlowGPT,https://flowgpt.com,prompting & prompt ops,Prompts marketplace,Community-generated prompts for LLMs and examples.,Free,text,"prompts,community","prompts,community",LLM prompt sharing,Web,Write 5 social media captions for a new coffee shop launch in a friendly tone using FlowGPT,Draft a landing page headline and subheadline with 3 variations targeting conversion using FlowGPT,Summarize this 1200-word article into a 150-word executive summary using FlowGPT
PromptPerfect,https://promptperfect.jina.ai,prompting & prompt ops,Prompt optimization,Optimize prompts for better LLM outputs.,Paid,text,"prompting,optimization","prompting,optimization",prompt tuning,API,Write 5 social media captions for a new coffee shop launch in a friendly tone using PromptPerfect,Draft a landing page headline and subheadline with 3 variations targeting conversion using PromptPerfect,Summarize this 1200-word article into a 150-word executive summary using PromptPerfect
PromptLayer,https://promptlayer.org,prompting & prompt ops,Monitoring & versioning,Track and version prompts and LLM calls for reproducibility.,Paid / Free,text,"prompt-management,tracking","prompt-management,tracking",prompt analytics,API,Write 5 social media captions for a new coffee shop launch in a friendly tone using PromptLayer,Draft a landing page headline and subheadline with 3 variations targeting conversion using PromptLayer,Summarize this 1200-word article into a 150-word executive summary using PromptLayer
PromptBase,https://promptbase.com,prompting & prompt ops,Marketplace,Marketplace to buy and sell high-quality prompts.,Paid,text,"prompts,marketplace","prompts,marketplace",purchase prompts,Web,Write 5 social media captions for a new coffee shop launch in a friendly tone using PromptBase,Draft a landing page headline and subheadline with 3 variations targeting conversion using PromptBase,Summarize this 1200-word article into a 150-word executive summary using PromptBase
Flowise,https://flowise.ai,low-code orchestration,LLM orchestration,Open-source visual LLM pipeline builder.,Open-source,code,"orchestration,flows","orchestration,flows",build LLM flows,Integrations,Generate a Python function that calculates mean-variance portfolio optimization using Flowise,Refactor this JavaScript code to improve performance and readability using Flowise,Create unit tests for the following module using Flowise
AgentGPT,https://agentgpt.reworkd.ai,agents,Autonomous agents,Create autonomous agents that perform tasks using LLMs.,Free / Paid,text,"agents,automation","agents,automation","task automation,agents",Web,Write 5 social media captions for a new coffee shop launch in a friendly tone using AgentGPT,Draft a landing page headline and subheadline with 3 variations targeting conversion using AgentGPT,Summarize this 1200-word article into a 150-word executive summary using AgentGPT
AutoGPT (community),https://github.com/Significant-Gravitas/Auto-GPT,agents,Autonomous agents,Experimental autonomous LLM agents for workflows.,Open-source,text,"agents,experimental","agents,experimental",automation experiments,Community,Write 5 social media captions for a new coffee shop launch in a friendly tone using AutoGPT (community),Draft a landing page headline and subheadline with 3 variations targeting conversion using AutoGPT (community),Summarize this 1200-word article into a 150-word executive summary using AutoGPT (community)
Runway Gen-2,https://runwayml.com,video tools,Text-to-video & editing,Generative video and image editing models.,Paid,"video,image","video-generation,editing","video-generation,editing",video production,Web,Create a high-resolution marketing image for a travel brand featuring a sunset beach. Use Runway Gen-2,"Generate 5 stylized concept art variations of a futuristic city for a game, using Runway Gen-2",Produce a product mockup image for an eco-friendly water bottle with minimalistic design using Runway Gen-2
Kapwing,https://www.kapwing.com,video tools,Online editor,Online video editor with AI tools for subtitles and resizing.,Free / Paid,video,"editing,social,templates","editing,social,templates",short-form video creation,Web,Create a 30-second promotional video script and visuals for a SaaS product using Kapwing,Turn this blog post into a short social video clip with subtitles using Kapwing,Generate a training video with a synthetic presenter explaining onboarding steps using Kapwing
Veed.io,https://www.veed.io,video tools,Editing & subtitles,Online video editor with automatic subtitles and AI tools.,Free / Paid,video,"subtitles,editing,online","subtitles,editing,online","social videos, captions",YouTube,Create a 30-second promotional video script and visuals for a SaaS product using Veed.io,Turn this blog post into a short social video clip with subtitles using Veed.io,Generate a training video with a synthetic presenter explaining onboarding steps using Veed.io
Clipchamp,https://www.clipchamp.com,video tools,Editing,Browser-based video editor with templates and AI features.,Free / Paid,video,"editing,templates","editing,templates",short social videos,Microsoft,Create a 30-second promotional video script and visuals for a SaaS product using Clipchamp,Turn this blog post into a short social video clip with subtitles using Clipchamp,Generate a training video with a synthetic presenter explaining onboarding steps using Clipchamp
InVideo,https://invideo.io,video tools,Templates & editing,Template-focused video creation for marketers.,Free / Paid,video,"templates,marketing","templates,marketing","promo videos, ads",Stock libraries,Create a 30-second promotional video script and visuals for a SaaS product using InVideo,Turn this blog post into a short social video clip with subtitles using InVideo,Generate a training video with a synthetic presenter explaining onboarding steps using InVideo
Kapwing (repeat),https://www.kapwing.com,video tools,Online editor,(repeat removed if duplicate),Free / Paid,video,"editing,social","editing,social",short-form video,Web,Create a 30-second promotional video script and visuals for a SaaS product using Kapwing (repeat),Turn this blog post into a short social video clip with subtitles using Kapwing (repeat),Generate a training video with a synthetic presenter explaining onboarding steps using Kapwing (repeat)
Hotpot.ai,https://hotpot.ai,design tools,Image tools,"AI tools for graphics, upscaling and backgrounds.",Free / Paid,image,"design,upscale","design,upscale","social assets,enhance images",Web,Create a high-resolution marketing image for a travel brand featuring a sunset beach. Use Hotpot.ai,"Generate 5 stylized concept art variations of a futuristic city for a game, using Hotpot.ai",Produce a product mockup image for an eco-friendly water bottle with minimalistic design using Hotpot.ai
NightCafe Studio,https://creator.nightcafe.studio,generative art,Text-to-image,Community-focused image generation platform.,Free / Paid,image,"art,community","art,community",art generation,Web,Create a high-resolution marketing image for a travel brand featuring a sunset beach. Use NightCafe Studio,"Generate 5 stylized concept art variations of a futuristic city for a game, using NightCafe Studio",Produce a product mockup image for an eco-friendly water bottle with minimalistic design using NightCafe Studio
Artbreeder,https://www.artbreeder.com,generative art,Image blending,Blend and evolve images using AI.,Free / Paid,image,"blend,creative","blend,creative","character design,concepts",Web,Create a high-resolution marketing image for a travel brand featuring a sunset beach. Use Artbreeder,"Generate 5 stylized concept art variations of a futuristic city for a game, using Artbreeder",Produce a product mockup image for an eco-friendly water bottle with minimalistic design using Artbreeder
Dream by WOMBO,https://www.wombo.art,generative art,Text-to-image,Mobile-friendly image generation app.,Free / Paid,image,"mobile,art","mobile,art",quick art generation,Mobile,Create a high-resolution marketing image for a travel brand featuring a sunset beach. Use Dream by WOMBO,"Generate 5 stylized concept art variations of a futuristic city for a game, using Dream by WOMBO",Produce a product mockup image for an eco-friendly water bottle with minimalistic design using Dream by WOMBO
Fotor,https://www.fotor.com,design tools,Image editing,Online photo editor with AI tools.,Free / Paid,image,"editing,templates","editing,templates","photo edits,collages",Web,Create a high-resolution marketing image for a travel brand featuring a sunset beach. Use Fotor,"Generate 5 stylized concept art variations of a futuristic city for a game, using Fotor",Produce a product mockup image for an eco-friendly water bottle with minimalistic design using Fotor
Pixlr,https://pixlr.com,design tools,Photo editor,Online photo editor with AI enhancements.,Free / Paid,image,"editing,filters","editing,filters",photo retouch,Web,Create a high-resolution marketing image for a travel brand featuring a sunset beach. Use Pixlr,"Generate 5 stylized concept art variations of a futuristic city for a game, using Pixlr",Produce a product mockup image for an eco-friendly water bottle with minimalistic design using Pixlr
Picsart,https://picsart.com,design tools,Image editing & effects,Creative editing tools and AI effects.,Free / Paid,image,"filters,effects","filters,effects",social assets,Mobile,Create a high-resolution marketing image for a travel brand featuring a sunset beach. Use Picsart,"Generate 5 stylized concept art variations of a futuristic city for a game, using Picsart",Produce a product mockup image for an eco-friendly water bottle with minimalistic design using Picsart
Remove.bg,https://remove.bg,design tools,Background removal,Automatic background removal for images.,Free / Paid,image,"editing,background-removal","editing,background-removal",product photos,API,Create a high-resolution marketing image for a travel brand featuring a sunset beach. Use Remove.bg,"Generate 5 stylized concept art variations of a futuristic city for a game, using Remove.bg",Produce a product mockup image for an eco-friendly water bottle with minimalistic design using Remove.bg
ClipDrop,https://clipdrop.co,design tools,Image enhancement,"Image cleanup, relighting and upscaling tools.",Free / Paid,image,"upscale,clean","upscale,clean",image fix,API,Create a high-resolution marketing image for a travel brand featuring a sunset beach. Use ClipDrop,"Generate 5 stylized concept art variations of a futuristic city for a game, using ClipDrop",Produce a product mockup image for an eco-friendly water bottle with minimalistic design using ClipDrop
LetsEnhance.io,https://letsenhance.io,design tools,Upscaling,Upscale and improve image quality using AI.,Paid,image,"upscale,enhance","upscale,enhance",photo restoration,Web,Create a high-resolution marketing image for a travel brand featuring a sunset beach. Use LetsEnhance.io,"Generate 5 stylized concept art variations of a futuristic city for a game, using LetsEnhance.io",Produce a product mockup image for an eco-friendly water bottle with minimalistic design using LetsEnhance.io
Upscale.media,https://upscale.media,design tools,Image upscaling,AI-powered image upscaling service.,Free / Paid,image,upscale,upscale,enhance images,Web,Create a high-resolution marketing image for a travel brand featuring a sunset beach. Use Upscale.media,"Generate 5 stylized concept art variations of a futuristic city for a game, using Upscale.media",Produce a product mockup image for an eco-friendly water bottle with minimalistic design using Upscale.media
Deep Dream Generator,https://deepdreamgenerator.com,generative art,Neural art,Generate surreal images using neural networks.,Free / Paid,image,"dream,art","dream,art",creative art,Web,Create a high-resolution marketing image for a travel brand featuring a sunset beach. Use Deep Dream Generator,"Generate 5 stylized concept art variations of a futuristic city for a game, using Deep Dream Generator",Produce a product mockup image for an eco-friendly water bottle with minimalistic design using Deep Dream Generator
PaintsChainer,https://paintschainer.preferred.tech,generative art,Auto-coloring,Automatic manga/anime coloring with AI.,Free / Paid,image,"coloring,anime","coloring,anime",art finishing,Web,Create a high-resolution marketing image for a travel brand featuring a sunset beach. Use PaintsChainer,"Generate 5 stylized concept art variations of a futuristic city for a game, using PaintsChainer",Produce a product mockup image for an eco-friendly water bottle with minimalistic design using PaintsChainer
Reface,https://reface.app,video tools,Face swap,Swap faces in videos and GIFs using AI.,Free / Paid,"video,image","face-swap,entertainment","face-swap,entertainment","social,fun",Mobile,Create a high-resolution marketing image for a travel brand featuring a sunset beach. Use Reface,"Generate 5 stylized concept art variations of a futuristic city for a game, using Reface",Produce a product mockup image for an eco-friendly water bottle with minimalistic design using Reface
DeepFaceLab,https://github.com/iperov/DeepFaceLab,search,Deepfake toolkit,Open-source deepfake creation toolkit for research.,Free,video,"face-swap,research","face-swap,research","research,experiments",Community,Create a 30-second promotional video script and visuals for a SaaS product using DeepFaceLab,Turn this blog post into a short social video clip with subtitles using DeepFaceLab,Generate a training video with a synthetic presenter explaining onboarding steps using DeepFaceLab
Soundful,https://soundful.com,audio tools,Music generation,AI-generated music for creators.,Paid,audio,music,music,"background tracks,ads",Web,Generate a 60-second podcast intro voiceover in an energetic tone using Soundful,Synthesise a 2-minute narration for an explainer video from this script using Soundful,Create a multivoice dialogue sample for a game scene using Soundful
Boomy,https://boomy.com,audio tools,Music generation,Create songs with AI and distribute to streaming platforms.,Free / Paid,audio,"music,distribution","music,distribution",music creation,Web,Generate a 60-second podcast intro voiceover in an energetic tone using Boomy,Synthesise a 2-minute narration for an explainer video from this script using Boomy,Create a multivoice dialogue sample for a game scene using Boomy
Endel,https://endel.io,audio tools,Soundscapes,Personalized soundscapes powered by AI.,Paid,audio,"soundscapes,wellness","soundscapes,wellness",focus and sleep,Apps,Generate a 60-second podcast intro voiceover in an energetic tone using Endel,Synthesise a 2-minute narration for an explainer video from this script using Endel,Create a multivoice dialogue sample for a game scene using Endel
Auphonic,https://auphonic.com,audio tools,Post-production,Automated audio leveling and post-production.,Paid,audio,post-production,post-production,podcast mastering,Web,Generate a 60-second podcast intro voiceover in an energetic tone using Auphonic,Synthesise a 2-minute narration for an explainer video from this script using Auphonic,Create a multivoice dialogue sample for a game scene using Auphonic
Hotjar,https://hotjar.com,Product,User research,Session recordings and heatmaps with some AI analytics.,Paid,data,"behavior,analytics","behavior,analytics",user insights,Integrations,Use Hotjar to solve this task: Session recordings and heatmaps with some AI analytics.,How would I use Hotjar to automate a workflow for marketing?,Give me best practices for using Hotjar on a real-world project.
Amplitude,https://amplitude.com,analytics,Product analytics,Product analytics platform with behavioral insights.,Paid,data,"product,analytics","product,analytics",user behavior analysis,Integrations,Use Amplitude to solve this task: Product analytics platform with behavioral insights.,How would I use Amplitude to automate a workflow for marketing?,Give me best practices for using Amplitude on a real-world project.
Mixpanel,https://mixpanel.com,analytics,Event analytics,Event-based analytics for product metrics.,Paid,data,"analytics,events","analytics,events","user events, funnels",Integrations,Use Mixpanel to solve this task: Event-based analytics for product metrics.,How would I use Mixpanel to automate a workflow for marketing?,Give me best practices for using Mixpanel on a real-world project.
PostHog,https://posthog.com,analytics,Product analytics,Open-source product analytics with event tracking.,Open-source / Paid,data,"analytics,product","analytics,product",event analytics,Integrations,Use PostHog to solve this task: Open-source product analytics with event tracking.,How would I use PostHog to automate a workflow for marketing?,Give me best practices for using PostHog on a real-world project.
Google Analytics (GA4),https://analytics.google.com,analytics,Web analytics,Web analytics with machine learning insights.,Free / Paid,data,"analytics,web","analytics,web",traffic analysis,Integrations,Use Google Analytics (GA4) to solve this task: Web analytics with machine learning insights.,How would I use Google Analytics (GA4) to automate a workflow for marketing?,Give me best practices for using Google Analytics (GA4) on a real-world project.
Buffer,https://buffer.com,marketing,Social scheduling,Social media scheduling with AI features.,Free / Paid,text,"social,scheduling","social,scheduling",post scheduling,Integrations,Write 5 social media captions for a new coffee shop launch in a friendly tone using Buffer,Draft a landing page headline and subheadline with 3 variations targeting conversion using Buffer,Summarize this 1200-word article into a 150-word executive summary using Buffer
Hootsuite,https://hootsuite.com,marketing,Social management,Social media management and analytics.,Paid,text,"social,analytics","social,analytics",social management,Integrations,Write 5 social media captions for a new coffee shop launch in a friendly tone using Hootsuite,Draft a landing page headline and subheadline with 3 variations targeting conversion using Hootsuite,Summarize this 1200-word article into a 150-word executive summary using Hootsuite
Later,https://later.com,marketing,Social scheduling,Visual social media planner.,Free / Paid,"text,image","social,planning","social,planning",instagram scheduling,Integrations,Create a high-resolution marketing image for a travel brand featuring a sunset beach. Use Later,"Generate 5 stylized concept art variations of a futuristic city for a game, using Later",Produce a product mockup image for an eco-friendly water bottle with minimalistic design using Later
Sprout Social,https://sproutsocial.com,marketing,Social analytics,Social media analytics and management.,Paid,text,"social,analytics","social,analytics",social insights,Integrations,Write 5 social media captions for a new coffee shop launch in a friendly tone using Sprout Social,Draft a landing page headline and subheadline with 3 variations targeting conversion using Sprout Social,Summarize this 1200-word article into a 150-word executive summary using Sprout Social
Trello,https://trello.com,productivity,Boards & automation,Project boards with automation and power-ups.,Free / Paid,text,"project,automation","project,automation",project tracking,Integrations,Write 5 social media captions for a new coffee shop launch in a friendly tone using Trello,Draft a landing page headline and subheadline with 3 variations targeting conversion using Trello,Summarize this 1200-word article into a 150-word executive summary using Trello
Asana,https://asana.com,productivity,Work management,Task and project management with AI features.,Paid,text,"tasks,workflow","tasks,workflow",project management,Integrations,Write 5 social media captions for a new coffee shop launch in a friendly tone using Asana,Draft a landing page headline and subheadline with 3 variations targeting conversion using Asana,Summarize this 1200-word article into a 150-word executive summary using Asana
ClickUp,https://clickup.com,productivity,Work management,All-in-one work platform with AI features.,Free / Paid,text,"tasks,productivity","tasks,productivity",task management,Integrations,Write 5 social media captions for a new coffee shop launch in a friendly tone using ClickUp,Draft a landing page headline and subheadline with 3 variations targeting conversion using ClickUp,Summarize this 1200-word article into a 150-word executive summary using ClickUp
Slack (AI integrations),https://slack.com,Communication,Messaging,Messaging platform with AI apps and integrations.,Paid,text,"chat,integrations","chat,integrations",team collaboration,Integrations,Write 5 social media captions for a new coffee shop launch in a friendly tone using Slack (AI integrations),Draft a landing page headline and subheadline with 3 variations targeting conversion using Slack (AI integrations),Summarize this 1200-word article into a 150-word executive summary using Slack (AI integrations)
Zapier,https://zapier.com,automation,Integrations & workflows,Connect apps and automate workflows with triggers and actions.,Free / Paid,workflow,"automation,zap,integrations","automation,zap,integrations",automate content posting,3000+ apps,Use Zapier to solve this task: Connect apps and automate workflows with triggers and actions.,How would I use Zapier to automate a workflow for marketing?,Give me best practices for using Zapier on a real-world project.
Make (Integromat),https://www.make.com,automation,Workflows,Visual workflow automation with many integrations.,Free / Paid,workflow,"automation,integrations","automation,integrations","data sync, automated pipelines",APIs,Use Make (Integromat) to solve this task: Visual workflow automation with many integrations.,How would I use Make (Integromat) to automate a workflow for marketing?,Give me best practices for using Make (Integromat) on a real-world project.
IFTTT,https://ifttt.com,automation,Simple integrations,Connect apps for simple trigger-action automations.,Free / Paid,workflow,"automation,connectors","automation,connectors",home automations,Integrations,Use IFTTT to solve this task: Connect apps for simple trigger-action automations.,How would I use IFTTT to automate a workflow for marketing?,Give me best practices for using IFTTT on a real-world project.
Airtable,https://airtable.com,productivity,Databases & automations,Flexible database with automations and scripting.,Free / Paid,"data,automation","no-code,db,workflow","no-code,db,workflow","content calendar, CRM",API,Use Airtable to solve this task: Flexible database with automations and scripting.,How would I use Airtable to automate a workflow for marketing?,Give me best practices for using Airtable on a real-world project.
Coda,https://coda.io,productivity,Docs & apps,Docs that combine tables and automation with AI packs.,Free / Paid,"text,automation","docs,automation,templates","docs,automation,templates","internal tools, docs",Integrations,Write 5 social media captions for a new coffee shop launch in a friendly tone using Coda,Draft a landing page headline and subheadline with 3 variations targeting conversion using Coda,Summarize this 1200-word article into a 150-word executive summary using Coda
Figma,https://www.figma.com,design tools,UI/UX & plugins,Design tool with community AI plugins for content and assets.,Free / Paid,"image,design","ux,design,plugins","ux,design,plugins","mockups,design systems",Plugins,Create a high-resolution marketing image for a travel brand featuring a sunset beach. Use Figma,"Generate 5 stylized concept art variations of a futuristic city for a game, using Figma",Produce a product mockup image for an eco-friendly water bottle with minimalistic design using Figma
Synthesis,https://www.synthesis.ai,data & ETL,Synthetic media,Synthetic data and media generation for training models.,Paid,"video,data","synthetic-data,vision","synthetic-data,vision",generate datasets for model training,API,Create a 30-second promotional video script and visuals for a SaaS product using Synthesis,Turn this blog post into a short social video clip with subtitles using Synthesis,Generate a training video with a synthetic presenter explaining onboarding steps using Synthesis
Clarifai,https://www.clarifai.com,computer vision,Image & video recognition,Visual recognition models and APIs for tagging and moderation.,Paid,"image,labels","vision,moderation,ml","vision,moderation,ml","image tagging,moderation",API,Create a high-resolution marketing image for a travel brand featuring a sunset beach. Use Clarifai,"Generate 5 stylized concept art variations of a futuristic city for a game, using Clarifai",Produce a product mockup image for an eco-friendly water bottle with minimalistic design using Clarifai
Dataiku,https://www.dataiku.com,data & ETL,Data science platform,End-to-end platform for data science and ML lifecycle.,Paid,data,"platform,mlops","platform,mlops",enterprise ML pipelines,Integrations,Use Dataiku to solve this task: End-to-end platform for data science and ML lifecycle.,How would I use Dataiku to automate a workflow for marketing?,Give me best practices for using Dataiku on a real-world project.
BigML,https://bigml.com,ml platforms,AutoML,Simple machine learning workflows and AutoML.,Paid,models,"automl,ml","automl,ml","predictions,models",API,Use BigML to solve this task: Simple machine learning workflows and AutoML.,How would I use BigML to automate a workflow for marketing?,Give me best practices for using BigML on a real-world project.
MonkeyLearn,https://monkeylearn.com,NLP,Text analysis,"Text classification, sentiment analysis and extraction.",Paid,text,"nlp,classification","nlp,classification",text analytics,API,Write 5 social media captions for a new coffee shop launch in a friendly tone using MonkeyLearn,Draft a landing page headline and subheadline with 3 variations targeting conversion using MonkeyLearn,Summarize this 1200-word article into a 150-word executive summary using MonkeyLearn
Synthesis (video),https://www.synthesis.ai,video tools,Synthetic video,Synthetic video generation (alternate listing).,Paid,video,"synthetic,avatars","synthetic,avatars",training datasets,API,Create a 30-second promotional video script and visuals for a SaaS product using Synthesis (video),Turn this blog post into a short social video clip with subtitles using Synthesis (video),Generate a training video with a synthetic presenter explaining onboarding steps using Synthesis (video)
Speechify,https://speechify.com,audio tools,TTS,Text-to-speech for reading documents and articles.,Paid,audio,"tts,reading","tts,reading",read articles aloud,Browser,Generate a 60-second podcast intro voiceover in an energetic tone using Speechify,Synthesise a 2-minute narration for an explainer video from this script using Speechify,Create a multivoice dialogue sample for a game scene using Speechify
NaturalReader,https://www.naturalreaders.com,audio tools,TTS,Text-to-speech platform for accessibility.,Paid,audio,"tts,accessibility","tts,accessibility","audiobooks,tts",Web,Generate a 60-second podcast intro voiceover in an energetic tone using NaturalReader,Synthesise a 2-minute narration for an explainer video from this script using NaturalReader,Create a multivoice dialogue sample for a game scene using NaturalReader
DeepL,https://www.deepl.com,translation,MT,High-quality machine translation engine.,Paid / Free,text,"translation,mt","translation,mt",translate content,API,Write 5 social media captions for a new coffee shop launch in a friendly tone using DeepL,Draft a landing page headline and subheadline with 3 variations targeting conversion using DeepL,Summarize this 1200-word article into a 150-word executive summary using DeepL
Google Translate,https://translate.google.com,translation,MT,Widely-used machine translation with many languages.,Free,text,"translation,mt","translation,mt",translate text,Web,Write 5 social media captions for a new coffee shop launch in a friendly tone using Google Translate,Draft a landing page headline and subheadline with 3 variations targeting conversion using Google Translate,Summarize this 1200-word article into a 150-word executive summary using Google Translate
Lilt,https://lilt.com,translation,CAT & MT,Translation platform combining MT and human post-editing.,Paid,text,"translation,enterprise","translation,enterprise",enterprise localization,Integrations,Write 5 social media captions for a new coffee shop launch in a friendly tone using Lilt,Draft a landing page headline and subheadline with 3 variations targeting conversion using Lilt,Summarize this 1200-word article into a 150-word executive summary using Lilt
Memsource (by Phrase),https://phrase.com,translation,Localization,Localization management and translation platform.,Paid,text,"localization,mt","localization,mt",translate apps,Integrations,Write 5 social media captions for a new coffee shop launch in a friendly tone using Memsource (by Phrase),Draft a landing page headline and subheadline with 3 variations targeting conversion using Memsource (by Phrase),Summarize this 1200-word article into a 150-word executive summary using Memsource (by Phrase)
Socratic (by Google),https://socratic.org,education,Homework help,AI homework explanations and study help.,Free,text,"education,study","education,study",homework help,Mobile,Write 5 social media captions for a new coffee shop launch in a friendly tone using Socratic (by Google),Draft a landing page headline and subheadline with 3 variations targeting conversion using Socratic (by Google),Summarize this 1200-word article into a 150-word executive summary using Socratic (by Google)
Quizlet,https://quizlet.com,education,Study tools,Study flashcards and AI practice tools.,Free / Paid,text,"study,flashcards","study,flashcards",learning,Web,Write 5 social media captions for a new coffee shop launch in a friendly tone using Quizlet,Draft a landing page headline and subheadline with 3 variations targeting conversion using Quizlet,Summarize this 1200-word article into a 150-word executive summary using Quizlet
Khanmigo (Khan Academy),https://khanacademy.org,education,Tutor,AI tutor for students via Khan Academy.,Paid,text,"tutor,education","tutor,education",learning assistance,Web,Write 5 social media captions for a new coffee shop launch in a friendly tone using Khanmigo (Khan Academy),Draft a landing page headline and subheadline with 3 variations targeting conversion using Khanmigo (Khan Academy),Summarize this 1200-word article into a 150-word executive summary using Khanmigo (Khan Academy)
TutorAI,https://tutorai.me,education,Tutor,Instant explanations and help for students.,Free / Paid,text,"tutor,study","tutor,study",homework help,Web,Write 5 social media captions for a new coffee shop launch in a friendly tone using TutorAI,Draft a landing page headline and subheadline with 3 variations targeting conversion using TutorAI,Summarize this 1200-word article into a 150-word executive summary using TutorAI
Scribe (repeat),https://scribehow.com,Documentation,Process documentation,Automatically create step-by-step guides and screenshots.,Free / Paid,"text,images","guides,docs,onboarding","guides,docs,onboarding",SOP creation,Chrome extension,Create a high-resolution marketing image for a travel brand featuring a sunset beach. Use Scribe (repeat),"Generate 5 stylized concept art variations of a futuristic city for a game, using Scribe (repeat)",Produce a product mockup image for an eco-friendly water bottle with minimalistic design using Scribe (repeat)
Tidio,https://tidio.com,Chatbots,Support,AI customer chatbots for websites.,Paid,text,"chatbot,support","chatbot,support",customer service,Integrations,Write 5 social media captions for a new coffee shop launch in a friendly tone using Tidio,Draft a landing page headline and subheadline with 3 variations targeting conversion using Tidio,Summarize this 1200-word article into a 150-word executive summary using Tidio
Intercom,https://www.intercom.com,Chatbots,Support & automation,Customer messaging platform with automation and AI features.,Paid,text,"support,crm","support,crm",CX workflows,Integrations,Write 5 social media captions for a new coffee shop launch in a friendly tone using Intercom,Draft a landing page headline and subheadline with 3 variations targeting conversion using Intercom,Summarize this 1200-word article into a 150-word executive summary using Intercom
Zendesk,https://www.zendesk.com,Chatbots,Helpdesk,Customer support platform with AI assistance.,Paid,text,"support,helpdesk","support,helpdesk",service automation,API,Write 5 social media captions for a new coffee shop launch in a friendly tone using Zendesk,Draft a landing page headline and subheadline with 3 variations targeting conversion using Zendesk,Summarize this 1200-word article into a 150-word executive summary using Zendesk
Freshdesk,https://www.freshdesk.com,Chatbots,Support,Support automation and ticketing with AI features.,Paid,text,"support,automation","support,automation",ticketing,Integrations,Write 5 social media captions for a new coffee shop launch in a friendly tone using Freshdesk,Draft a landing page headline and subheadline with 3 variations targeting conversion using Freshdesk,Summarize this 1200-word article into a 150-word executive summary using Freshdesk
ManyChat,https://manychat.com,Chatbots,Social automation,WhatsApp/IG chatbots for marketing and automation.,Paid,text,"marketing,automation","marketing,automation",DM sales,Integrations,Write 5 social media captions for a new coffee shop launch in a friendly tone using ManyChat,Draft a landing page headline and subheadline with 3 variations targeting conversion using ManyChat,Summarize this 1200-word article into a 150-word executive summary using ManyChat
Writer.com,https://writer.com,writing,Enterprise writing assistant,AI writing assistant for teams with brand style controls.,Paid,text,"enterprise,writing,style","enterprise,writing,style",brand-aligned content,API,Write 5 social media captions for a new coffee shop launch in a friendly tone using Writer.com,Draft a landing page headline and subheadline with 3 variations targeting conversion using Writer.com,Summarize this 1200-word article into a 150-word executive summary using Writer.com
Rytr,https://rytr.me,writing,Copywriting,AI copywriting tool for marketers and creators.,Free / Paid,text,"copywriting,affordable","copywriting,affordable","ads,blog",Web,Write 5 social media captions for a new coffee shop launch in a friendly tone using Rytr,Draft a landing page headline and subheadline with 3 variations targeting conversion using Rytr,Summarize this 1200-word article into a 150-word executive summary using Rytr
Ink for All,https://inkforall.com,seo,Content optimization,AI writing and SEO optimization platform.,Paid,text,"seo,writing","seo,writing",optimize content,Integrations,Write 5 social media captions for a new coffee shop launch in a friendly tone using Ink for All,Draft a landing page headline and subheadline with 3 variations targeting conversion using Ink for All,Summarize this 1200-word article into a 150-word executive summary using Ink for All
GrowthBar,https://growthbarseo.com,seo,Content & SEO,AI SEO assistant for content creators.,Paid,text,"seo,content","seo,content",blog optimization,Web,Write 5 social media captions for a new coffee shop launch in a friendly tone using GrowthBar,Draft a landing page headline and subheadline with 3 variations targeting conversion using GrowthBar,Summarize this 1200-word article into a 150-word executive summary using GrowthBar
Peppertype.ai,https://peppertype.ai,marketing,Copywriting,AI content generation for marketers and teams.,Paid,text,"copy,marketing","copy,marketing","social,ads",Web,Write 5 social media captions for a new coffee shop launch in a friendly tone using Peppertype.ai,Draft a landing page headline and subheadline with 3 variations targeting conversion using Peppertype.ai,Summarize this 1200-word article into a 150-word executive summary using Peppertype.ai
Snazzy AI (now Unavailable),https://example.com,marketing,Copywriting,Legacy tool (included for completeness).,Unknown,text,"legacy,copy","legacy,copy",nan,nan,Write 5 social media captions for a new coffee shop launch in a friendly tone using Snazzy AI (now Unavailable),Draft a landing page headline and subheadline with 3 variations targeting conversion using Snazzy AI (now Unavailable),Summarize this 1200-word article into a 150-word executive summary using Snazzy AI (now Unavailable)
IBM Watson,https://www.ibm.com/watson,enterprise,AI services,"Enterprise AI services for NLP, vision and data.",Paid,"text,image,data","enterprise,ml","enterprise,ml",customer insights,IBM Cloud,Create a high-resolution marketing image for a travel brand featuring a sunset beach. Use IBM Watson,"Generate 5 stylized concept art variations of a futuristic city for a game, using IBM Watson",Produce a product mockup image for an eco-friendly water bottle with minimalistic design using IBM Watson
Salesforce Einstein,https://www.salesforce.com/products/einstein/overview/,enterprise,CRM AI,AI features inside Salesforce CRM for predictions and automation.,Paid,"text,data","crm,ai","crm,ai",sales predictions,Salesforce,Write 5 social media captions for a new coffee shop launch in a friendly tone using Salesforce Einstein,Draft a landing page headline and subheadline with 3 variations targeting conversion using Salesforce Einstein,Summarize this 1200-word article into a 150-word executive summary using Salesforce Einstein
Phrase (formerly Memsource),https://phrase.com,translation,Localization,Localization platform for enterprises.,Paid,text,"localization,translation","localization,translation",translate apps,Integrations,Write 5 social media captions for a new coffee shop launch in a friendly tone using Phrase (formerly Memsource),Draft a landing page headline and subheadline with 3 variations targeting conversion using Phrase (formerly Memsource),Summarize this 1200-word article into a 150-word executive summary using Phrase (formerly Memsource)
Babylon Health (AI),https://www.babylonhealth.com,Health,Clinical AI,AI triage and telemedicine platform (example enterprise).,Paid,text,"health,triage","health,triage",medical triage,Healthcare,Write 5 social media captions for a new coffee shop launch in a friendly tone using Babylon Health (AI),Draft a landing page headline and subheadline with 3 variations targeting conversion using Babylon Health (AI),Summarize this 1200-word article into a 150-word executive summary using Babylon Health (AI)
Synthesis (voiceover),https://www.synthesys.io,audio tools,Synthetic voice & video,Synthetic voice and video generation for marketing.,Paid,"audio,video","synthetic,voice","synthetic,voice",ads and narration,Web,Create a 30-second promotional video script and visuals for a SaaS product using Synthesis (voiceover),Turn this blog post into a short social video clip with subtitles using Synthesis (voiceover),Generate a training video with a synthetic presenter explaining onboarding steps using Synthesis (voiceover)
Synthesys X,https://synthesys.io,video tools,Synthetic media,High-quality synthetic voices and avatars.,Paid,"audio,video","synthetic,avatars","synthetic,avatars","ads,personalization",Web,Create a 30-second promotional video script and visuals for a SaaS product using Synthesys X,Turn this blog post into a short social video clip with subtitles using Synthesys X,Generate a training video with a synthetic presenter explaining onboarding steps using Synthesys X
Speechmatics (repeat),https://www.speechmatics.com,transcription,ASR,Automatic speech recognition with broad language support.,Paid,text,"asr,transcription,multilingual","asr,transcription,multilingual",transcribe audio at scale,API,Write 5 social media captions for a new coffee shop launch in a friendly tone using Speechmatics (repeat),Draft a landing page headline and subheadline with 3 variations targeting conversion using Speechmatics (repeat),Summarize this 1200-word article into a 150-word executive summary using Speechmatics (repeat)
Browse AI,https://browse.ai,automation,Web automation & scraping,No-code web automation and data extraction with AI.,Paid,data,"web-automation,scraping","web-automation,scraping","monitoring,extracting data",Web,Use Browse AI to solve this task: No-code web automation and data extraction with AI.,How would I use Browse AI to automate a workflow for marketing?,Give me best practices for using Browse AI on a real-world project.
Helixa,https://helixa.ai,marketing,Audience intelligence,AI audience insights and segmentation for marketers.,Paid,data,"audience,insights","audience,insights",audience research,Integrations,Write 5 social media captions for a new coffee shop launch in a friendly tone using Helixa,Draft a landing page headline and subheadline with 3 variations targeting conversion using Helixa,Summarize this 1200-word article into a 150-word executive summary using Helixa
Clarify (example),https://example.com,analytics,AI insights,Placeholder enterprise analytics entry.,Paid,data,"analytics,ai","analytics,ai",insights,Integrations,Use Clarify (example) to solve this task: Placeholder enterprise analytics entry.,How would I use Clarify (example) to automate a workflow for marketing?,Give me best practices for using Clarify (example) on a real-world project.
Plausible Analytics,https://plausible.io,analytics,Privacy-first analytics,Simple privacy-focused analytics platform.,Paid,data,"analytics,privacy","analytics,privacy",web analytics,Integrations,Use Plausible Analytics to solve this task: Simple privacy-focused analytics platform.,How would I use Plausible Analytics to automate a workflow for marketing?,Give me best practices for using Plausible Analytics on a real-world project.
Hugging Face Spaces,https://huggingface.co/spaces,model hub,Community apps,Deploy community ML demos and apps easily.,Free / Paid,models,"community,deploy","community,deploy",share model demos,Spaces,Use Hugging Face Spaces to solve this task: Deploy community ML demos and apps easily.,How would I use Hugging Face Spaces to automate a workflow for marketing?,Give me best practices for using Hugging Face Spaces on a real-world project.
ModelScope,https://modelscope.cn,model hub,Model repository,Model hub and tools (China-origin; useful for global coverage).,Free / Paid,models,"models,community","models,community",model hosting,API,Use ModelScope to solve this task: Model hub and tools (China-origin; useful for global coverage).,How would I use ModelScope to automate a workflow for marketing?,Give me best practices for using ModelScope on a real-world project.
OpenSearch,https://opensearch.org,search,Search & analytics,Open-source fork of Elasticsearch with plugins and ML integrations.,Free / Paid,search,"search,open-source","search,open-source","site search,analytics",Integrations,Find the top 5 recent papers on multimodal transformers and summarize findings using OpenSearch,Answer: What are the current best practices for retrieval-augmented generation? Use OpenSearch,Provide a concise comparison of top LLM providers and their trade-offs using OpenSearch
Replica Studios (repeat),https://replicastudios.com,audio tools,Synthetic voices,AI voice actor platform for games and media.,Paid,audio,"voice-actors,tts","voice-actors,tts","game dialogue,characters",API,Generate a 60-second podcast intro voiceover in an energetic tone using Replica Studios (repeat),Synthesise a 2-minute narration for an explainer video from this script using Replica Studios (repeat),Create a multivoice dialogue sample for a game scene using Replica Studios (repeat)
PlaygroundAI,https://playgroundai.com,generative art,Text-to-image,Web interface for multiple image models and prompts.,Free / Paid,image,"image-gen,playground","image-gen,playground",art creation,Web,Create a high-resolution marketing image for a travel brand featuring a sunset beach. Use PlaygroundAI,"Generate 5 stylized concept art variations of a futuristic city for a game, using PlaygroundAI",Produce a product mockup image for an eco-friendly water bottle with minimalistic design using PlaygroundAI
Promptable,https://promptable.ai,prompting & prompt ops,Prompt engineering,"Platform to manage, test and run prompts at scale.",Paid,text,"prompt-management,testing","prompt-management,testing",prompt ops,API,Write 5 social media captions for a new coffee shop launch in a friendly tone using Promptable,Draft a landing page headline and subheadline with 3 variations targeting conversion using Promptable,Summarize this 1200-word article into a 150-word executive summary using Promptable
Typestudio,https://typestudio.co,video tools,Editing & transcription,All-in-one video editor with text-based editing and AI tools.,Paid,video,"editing,transcription","editing,transcription","video editing,repurposing",Web,Create a 30-second promotional video script and visuals for a SaaS product using Typestudio,Turn this blog post into a short social video clip with subtitles using Typestudio,Generate a training video with a synthetic presenter explaining onboarding steps using Typestudio
Descript (repeat),https://www.descript.com,video tools,Editing & transcription,"Audio/video editor with transcription, overdub and multitrack editing.",Free / Paid,"audio,video,text","transcription,editing,overdub","transcription,editing,overdub","podcast editing, video captions",Integrations,Create a 30-second promotional video script and visuals for a SaaS product using Descript (repeat),Turn this blog post into a short social video clip with subtitles using Descript (repeat),Generate a training video with a synthetic presenter explaining onboarding steps using Descript (repeat)
Hour One,https://hourone.ai,video tools,Synthetic characters,Create video from text using synthetic characters.,Paid,video,"synthetic,avatars","synthetic,avatars","training,explainers",API,Create a 30-second promotional video script and visuals for a SaaS product using Hour One,Turn this blog post into a short social video clip with subtitles using Hour One,Generate a training video with a synthetic presenter explaining onboarding steps using Hour One
Elai.io,https://elai.io,video tools,AI presenters,Create video with AI presenters from text.,Paid,video,"presenters,avatars","presenters,avatars",marketing videos,API,Create a 30-second promotional video script and visuals for a SaaS product using Elai.io,Turn this blog post into a short social video clip with subtitles using Elai.io,Generate a training video with a synthetic presenter explaining onboarding steps using Elai.io
Pictory (repeat),https://pictory.ai,video tools,Text-to-video & summaries,Create short videos from long-form text and articles.,Paid,video,"video-from-text,social","video-from-text,social","social clips, summaries",YouTube,Create a 30-second promotional video script and visuals for a SaaS product using Pictory (repeat),Turn this blog post into a short social video clip with subtitles using Pictory (repeat),Generate a training video with a synthetic presenter explaining onboarding steps using Pictory (repeat)
Vocalmatic,https://vocalmatic.com,audio tools,Transcription & subtitles,Automatic transcription and subtitle generation for videos.,Paid,text,"transcription,subtitles","transcription,subtitles",video captions,Web,Write 5 social media captions for a new coffee shop launch in a friendly tone using Vocalmatic,Draft a landing page headline and subheadline with 3 variations targeting conversion using Vocalmatic,Summarize this 1200-word article into a 150-word executive summary using Vocalmatic
Kap (Kap Chat),https://getkap.co,productivity,Screen recording & AI,Screen recording with AI transcription features.,Paid,"video,text","screen-recording,transcription","screen-recording,transcription",tutorials,Web,Create a 30-second promotional video script and visuals for a SaaS product using Kap (Kap Chat),Turn this blog post into a short social video clip with subtitles using Kap (Kap Chat),Generate a training video with a synthetic presenter explaining onboarding steps using Kap (Kap Chat)
Quickchat AI,https://quickchat.ai,Chatbots,Multilingual AI chat,Customer support chatbots with multilingual support.,Paid,text,"chatbot,multilingual","chatbot,multilingual",customer support,API,Write 5 social media captions for a new coffee shop launch in a friendly tone using Quickchat AI,Draft a landing page headline and subheadline with 3 variations targeting conversion using Quickchat AI,Summarize this 1200-word article into a 150-word executive summary using Quickchat AI
Ada Support,https://ada.support,Chatbots,Customer service automation,AI customer service automation at scale.,Paid,text,"customer-service,automation","customer-service,automation",support bots,Integrations,Write 5 social media captions for a new coffee shop launch in a friendly tone using Ada Support,Draft a landing page headline and subheadline with 3 variations targeting conversion using Ada Support,Summarize this 1200-word article into a 150-word executive summary using Ada Support
Kustomer (by Meta),https://kustomer.com,CRM,Customer service platform,Customer service platform with automation and AI features.,Paid,text,"crm,service","crm,service",support workflows,Integrations,Write 5 social media captions for a new coffee shop launch in a friendly tone using Kustomer (by Meta),Draft a landing page headline and subheadline with 3 variations targeting conversion using Kustomer (by Meta),Summarize this 1200-word article into a 150-word executive summary using Kustomer (by Meta)
Zendesk (repeat),https://www.zendesk.com,Chatbots,Helpdesk,Customer support platform with AI assistance.,Paid,text,"support,helpdesk","support,helpdesk",service automation,API,Write 5 social media captions for a new coffee shop launch in a friendly tone using Zendesk (repeat),Draft a landing page headline and subheadline with 3 variations targeting conversion using Zendesk (repeat),Summarize this 1200-word article into a 150-word executive summary using Zendesk (repeat)
Freshworks,https://www.freshworks.com,Customer Service,CRM & support,Customer engagement software with AI capabilities.,Paid,text,"crm,customer-support","crm,customer-support","ticketing,engagement",Integrations,Write 5 social media captions for a new coffee shop launch in a friendly tone using Freshworks,Draft a landing page headline and subheadline with 3 variations targeting conversion using Freshworks,Summarize this 1200-word article into a 150-word executive summary using Freshworks
